INSERT INTO loans (client_id, contract_number, product_type, loan_amount, interest_rate, loan_term, contract_date, end_date, status, current_debt) VALUES
    (1, 'CNTR-001', 0, 500000.00, 5.5, 36, '2023-01-15', '2026-01-15', 'ACTIVE', 450000.00),
    (2, 'CNTR-002', 1, 3000000.00, 4.2, 120, '2023-02-10', '2033-02-10', 'ACTIVE', 2950000.00),
    (3, 'CNTR-003', 2, 1500000.00, 6.0, 60, '2023-03-05', '2028-03-05', 'OVERDUE', 1400000.00),
    (4, 'CNTR-004', 3, 800000.00, 5.8, 48, '2023-04-20', '2027-04-20', 'ACTIVE', 750000.00),
    (5, 'CNTR-005', 0, 250000.00, 5.0, 24, '2023-05-01', '2025-05-01', 'CLOSED', 0.00),
    (6, 'CNTR-006', 1, 4500000.00, 4.5, 180, '2023-06-15', '2038-06-15', 'ACTIVE', 4450000.00),
    (7, 'CNTR-007', 2, 1200000.00, 6.2, 72, '2023-07-10', '2029-07-10', 'OVERDUE', 1150000.00),
    (8, 'CNTR-008', 3, 900000.00, 5.7, 36, '2023-08-05', '2026-08-05', 'ACTIVE', 850000.00),
    (9, 'CNTR-009', 0, 300000.00, 5.3, 18, '2023-09-01', '2025-03-01', 'CLOSED', 0.00),
    (10, 'CNTR-010', 1, 3500000.00, 4.8, 120, '2023-10-15', '2033-10-15', 'ACTIVE', 3450000.00);

INSERT INTO payment_history (loan_id, payment_date, amount_paid, payment_type, status) VALUES
    (1, '2023-02-15 10:00:00', 10000.00, 'PRINCIPAL', 'SUCCESS'),
    (2, '2023-03-10 14:30:00', 25000.00, 'INTEREST', 'SUCCESS'),
    (3, '2023-04-05 09:15:00', 15000.00, 'PRINCIPAL', 'FAILED'),
    (4, '2023-05-20 13:45:00', 20000.00, 'INTEREST', 'SUCCESS'),
    (5, '2023-06-01 11:30:00', 10000.00, 'PRINCIPAL', 'SUCCESS'),
    (6, '2023-07-15 16:00:00', 30000.00, 'INTEREST', 'SUCCESS'),
    (7, '2023-08-10 10:00:00', 12000.00, 'PRINCIPAL', 'FAILED'),
    (8, '2023-09-05 14:20:00', 18000.00, 'INTEREST', 'SUCCESS'),
    (9, '2023-10-01 09:10:00', 8000.00, 'PRINCIPAL', 'SUCCESS'),
    (10, '2023-11-15 15:30:00', 28000.00, 'INTEREST', 'SUCCESS');

INSERT INTO payment_schedule (loan_id, payment_date, principal_amount, interest_amount, total_amount, status) VALUES
    (1, '2023-02-15', 5000.00, 5000.00, 10000.00, 'PAID'),
    (2, '2023-03-10', 10000.00, 15000.00, 25000.00, 'PAID'),
    (3, '2023-04-05', 7000.00, 8000.00, 15000.00, 'OVERDUE'),
    (4, '2023-05-20', 8000.00, 12000.00, 20000.00, 'PAID'),
    (5, '2023-06-01', 5000.00, 5000.00, 10000.00, 'PAID'),
    (6, '2023-07-15', 12000.00, 18000.00, 30000.00, 'PAID'),
    (7, '2023-08-10', 6000.00, 6000.00, 12000.00, 'PENDING'),
    (8, '2023-09-05', 7000.00, 11000.00, 18000.00, 'PAID'),
    (9, '2023-10-01', 4000.00, 4000.00, 8000.00, 'PAID'),
    (10, '2023-11-15', 10000.00, 18000.00, 28000.00, 'PLANNED');